"Date ","series ","OPEN ","HIGH ","LOW ","PREV. CLOSE ","ltp ","close ","vwap ","52W H ","52W L ","VOLUME ","VALUE ","No of trades "
"20-Mar-2024","EQ","1,143.10","1,153.40","1,111.70","1,146.25","1,122.45","1,124.05","1,125.25","1,269.00","690.00","20,70,193","2,32,94,92,196.45","1,04,758"
"19-Mar-2024","EQ","1,184.90","1,184.90","1,139.85","1,186.95","1,149.75","1,146.25","1,152.80","1,269.00","690.00","21,52,306","2,48,11,88,386.65","1,09,316"
"18-Mar-2024","EQ","1,213.05","1,217.65","1,184.30","1,212.15","1,188.50","1,186.95","1,192.65","1,269.00","690.00","8,03,158","95,78,82,939.25","37,164"
"15-Mar-2024","EQ","1,200.00","1,219.85","1,175.90","1,198.35","1,210.00","1,212.15","1,204.69","1,269.00","686.60","28,43,465","3,42,55,08,030.95","62,518"
"14-Mar-2024","EQ","1,160.05","1,205.05","1,160.05","1,178.95","1,202.80","1,198.35","1,192.08","1,269.00","686.60","22,11,062","2,63,57,59,801.70","98,884"
"13-Mar-2024","EQ","1,215.50","1,217.40","1,170.70","1,215.20","1,179.00","1,178.95","1,190.41","1,269.00","686.60","20,50,756","2,44,12,35,776.60","97,215"
"12-Mar-2024","EQ","1,227.45","1,227.85","1,209.15","1,220.65","1,217.75","1,215.20","1,216.12","1,269.00","686.60","10,89,396","1,32,48,37,740.20","75,265"
"11-Mar-2024","EQ","1,263.00","1,269.00","1,209.00","1,261.55","1,223.00","1,220.65","1,224.52","1,269.00","686.60","26,09,165","3,19,49,85,468.55","1,24,557"
"07-Mar-2024","EQ","1,228.00","1,268.90","1,216.75","1,220.05","1,265.00","1,261.55","1,246.41","1,268.90","686.60","35,22,952","4,39,10,33,684.45","1,31,787"
"06-Mar-2024","EQ","1,203.80","1,223.00","1,192.00","1,200.60","1,219.50","1,220.05","1,209.51","1,223.00","686.60","13,67,260","1,65,37,15,433.15","76,186"
"05-Mar-2024","EQ","1,206.85","1,211.90","1,196.00","1,203.25","1,200.00","1,200.60","1,202.43","1,214.00","686.60","8,67,925","1,04,36,22,296.60","53,199"
"04-Mar-2024","EQ","1,206.95","1,214.00","1,190.00","1,207.25","1,202.55","1,203.25","1,201.71","1,214.00","686.60","7,90,960","95,05,03,042.45","75,562"
"02-Mar-2024","EQ","1,209.00","1,213.00","1,200.00","1,201.00","1,207.00","1,207.25","1,206.75","1,213.65","686.60","1,49,379","18,02,62,599.05","9,734"
"01-Mar-2024","EQ","1,204.00","1,213.65","1,194.25","1,190.05","1,199.30","1,201.00","1,204.11","1,213.65","686.60","18,04,771","2,17,31,46,579.80","59,804"
"29-Feb-2024","EQ","1,166.95","1,199.00","1,150.60","1,167.95","1,192.00","1,190.05","1,184.86","1,205.00","686.60","27,22,341","3,22,56,02,468.60","95,895"
"28-Feb-2024","EQ","1,189.75","1,205.00","1,163.10","1,183.60","1,163.10","1,167.95","1,189.07","1,205.00","686.60","21,70,054","2,58,03,56,821.65","97,849"
"27-Feb-2024","EQ","1,182.00","1,189.70","1,174.95","1,177.10","1,181.00","1,183.60","1,183.28","1,190.95","686.60","15,84,564","1,87,49,77,287.40","76,748"
"26-Feb-2024","EQ","1,159.00","1,182.80","1,149.45","1,160.30","1,178.00","1,177.10","1,167.87","1,190.95","686.60","12,92,210","1,50,91,29,775.80","64,641"
"23-Feb-2024","EQ","1,158.00","1,165.60","1,155.20","1,159.50","1,158.60","1,160.30","1,160.18","1,190.95","686.60","12,80,859","1,48,60,29,676.00","64,777"
"22-Feb-2024","EQ","1,161.00","1,164.75","1,142.45","1,160.75","1,156.70","1,159.50","1,152.45","1,190.95","686.60","16,89,403","1,94,69,48,709.40","99,777"
"21-Feb-2024","EQ","1,155.00","1,171.90","1,150.05","1,154.40","1,158.00","1,160.75","1,160.84","1,190.95","686.60","14,45,959","1,67,85,34,255.60","80,717"
"20-Feb-2024","EQ","1,154.50","1,159.00","1,138.80","1,155.00","1,153.00","1,154.40","1,150.23","1,190.95","686.60","10,56,193","1,21,48,67,231.00","58,462"
"19-Feb-2024","EQ","1,150.00","1,164.25","1,144.50","1,147.45","1,154.50","1,155.00","1,155.85","1,190.95","686.60","9,61,914","1,11,18,26,780.15","42,333"
"16-Feb-2024","EQ","1,135.00","1,149.40","1,132.40","1,131.40","1,148.95","1,147.45","1,143.59","1,190.95","686.60","12,13,292","1,38,75,05,627.85","48,787"
"15-Feb-2024","EQ","1,140.05","1,146.75","1,127.25","1,135.60","1,134.35","1,131.40","1,134.79","1,190.95","686.60","12,78,358","1,45,06,70,681.55","60,290"
"14-Feb-2024","EQ","1,135.05","1,139.85","1,120.00","1,137.80","1,139.00","1,135.60","1,129.04","1,190.95","686.60","12,06,706","1,36,24,15,623.30","49,150"
"13-Feb-2024","EQ","1,123.00","1,141.30","1,118.20","1,122.20","1,137.00","1,137.80","1,131.33","1,190.95","686.60","8,86,148","1,00,25,27,784.45","54,226"
"12-Feb-2024","EQ","1,130.05","1,134.40","1,075.00","1,129.25","1,121.90","1,122.20","1,123.89","1,190.95","686.60","8,98,953","1,01,03,25,741.20","42,725"
"09-Feb-2024","EQ","1,142.00","1,149.40","1,119.85","1,137.90","1,128.00","1,129.25","1,132.66","1,190.95","686.60","9,17,196","1,03,88,71,730.45","48,645"
"08-Feb-2024","EQ","1,160.00","1,162.90","1,125.00","1,166.20","1,140.95","1,137.90","1,140.10","1,190.95","686.60","24,77,973","2,82,51,26,989.85","1,36,361"
"07-Feb-2024","EQ","1,168.05","1,175.00","1,153.05","1,163.55","1,170.70","1,166.20","1,164.54","1,190.95","686.60","8,64,874","1,00,71,84,238.25","56,908"
"06-Feb-2024","EQ","1,142.10","1,166.80","1,142.10","1,150.75","1,160.55","1,163.55","1,158.74","1,190.95","686.60","12,19,085","1,41,25,99,356.00","57,085"
"05-Feb-2024","EQ","1,169.90","1,177.00","1,146.30","1,162.75","1,152.50","1,150.75","1,161.31","1,190.95","686.60","12,66,268","1,47,05,26,139.60","64,374"
"02-Feb-2024","EQ","1,132.00","1,170.70","1,132.00","1,129.65","1,162.85","1,162.75","1,147.40","1,190.95","686.60","17,41,322","1,99,80,00,795.15","60,775"
"01-Feb-2024","EQ","1,118.00","1,134.90","1,108.00","1,118.00","1,132.00","1,129.65","1,119.38","1,190.95","686.60","47,28,358","5,29,28,35,709.20","1,00,332"
"31-Jan-2024","EQ","1,125.00","1,127.50","1,112.00","1,122.90","1,119.00","1,118.00","1,117.89","1,190.95","686.60","24,28,738","2,71,50,59,742.45","91,841"
"30-Jan-2024","EQ","1,144.95","1,147.20","1,120.65","1,141.05","1,125.55","1,122.90","1,132.01","1,190.95","686.60","7,98,009","90,33,51,484.70","42,356"
"29-Jan-2024","EQ","1,136.75","1,149.20","1,135.00","1,136.75","1,142.00","1,141.05","1,141.98","1,190.95","686.60","15,88,430","1,81,39,49,162.45","63,480"
"25-Jan-2024","EQ","1,160.00","1,163.65","1,132.35","1,159.00","1,135.00","1,136.75","1,144.68","1,190.95","686.60","11,25,321","1,28,81,27,051.30","54,429"
"24-Jan-2024","EQ","1,145.60","1,161.00","1,134.00","1,145.65","1,160.00","1,159.00","1,150.26","1,190.95","686.60","10,40,096","1,19,63,78,876.55","41,118"
"23-Jan-2024","EQ","1,158.95","1,166.00","1,138.25","1,150.10","1,145.10","1,145.65","1,151.50","1,190.95","686.60","9,33,643","1,07,50,90,625.10","57,704"
"20-Jan-2024","EQ","1,168.00","1,169.00","1,148.10","1,161.70","1,151.00","1,150.10","1,156.27","1,190.95","686.60","3,32,777","38,47,81,384.25","19,120"
"19-Jan-2024","EQ","1,156.75","1,165.60","1,146.70","1,146.80","1,159.55","1,161.70","1,157.28","1,190.95","686.60","9,00,162","1,04,17,42,949.55","50,021"
"18-Jan-2024","EQ","1,134.95","1,150.00","1,122.50","1,138.60","1,143.85","1,146.80","1,138.70","1,190.95","686.60","12,18,211","1,38,71,75,842.90","86,852"
"17-Jan-2024","EQ","1,134.00","1,152.95","1,131.90","1,143.70","1,138.00","1,138.60","1,142.18","1,190.95","686.60","12,72,932","1,45,39,20,474.70","59,792"
"16-Jan-2024","EQ","1,152.55","1,162.55","1,142.00","1,150.80","1,146.00","1,143.70","1,152.47","1,190.95","686.60","14,49,691","1,67,07,18,325.70","70,087"
"15-Jan-2024","EQ","1,190.00","1,190.95","1,134.75","1,159.00","1,152.50","1,150.80","1,152.01","1,190.95","686.60","42,37,485","4,88,16,10,595.20","1,33,829"
"12-Jan-2024","EQ","1,125.45","1,165.55","1,123.85","1,119.25","1,154.10","1,159.00","1,153.09","1,165.55","686.60","60,18,282","6,93,96,22,815.55","1,39,807"
"11-Jan-2024","EQ","1,117.00","1,124.95","1,112.05","1,113.95","1,120.00","1,119.25","1,118.51","1,131.15","686.60","10,84,035","1,21,25,03,027.10","58,045"
"10-Jan-2024","EQ","1,112.00","1,117.70","1,101.00","1,111.65","1,114.90","1,113.95","1,109.59","1,131.15","686.60","9,33,127","1,03,53,86,977.95","50,039"
"09-Jan-2024","EQ","1,106.00","1,120.15","1,106.00","1,104.95","1,108.70","1,111.65","1,114.28","1,131.15","686.60","9,98,355","1,11,24,46,404.70","56,020"
"08-Jan-2024","EQ","1,125.05","1,129.00","1,094.65","1,122.95","1,102.10","1,104.95","1,105.43","1,131.15","686.60","17,22,755","1,90,43,78,530.60","1,00,670"
"05-Jan-2024","EQ","1,125.00","1,131.15","1,117.05","1,125.55","1,120.80","1,122.95","1,124.24","1,131.15","686.60","12,07,155","1,35,71,33,128.35","51,090"
"04-Jan-2024","EQ","1,088.10","1,128.60","1,086.15","1,084.95","1,123.65","1,125.55","1,117.08","1,128.60","686.60","27,77,186","3,10,23,30,438.35","1,25,598"
"03-Jan-2024","EQ","1,097.95","1,099.10","1,082.70","1,097.75","1,089.80","1,084.95","1,090.99","1,103.05","686.60","11,00,701","1,20,08,48,343.30","60,395"
"02-Jan-2024","EQ","1,086.35","1,103.05","1,079.50","1,080.10","1,097.50","1,097.75","1,093.86","1,103.05","686.60","26,35,193","2,88,25,41,417.95","1,11,067"
"01-Jan-2024","EQ","1,093.85","1,093.85","1,076.00","1,086.80","1,079.75","1,080.10","1,083.11","1,094.00","686.60","9,36,544","1,01,43,78,482.20","53,508"
"29-Dec-2023","EQ","1,053.95","1,094.00","1,047.70","1,041.00","1,089.00","1,086.80","1,076.92","1,094.00","686.60","50,17,576","5,40,35,39,953.75","1,58,474"
"28-Dec-2023","EQ","1,030.75","1,050.00","1,025.30","1,026.75","1,048.55","1,041.00","1,034.62","1,050.00","686.60","20,52,402","2,12,34,60,750.60","1,05,204"
"27-Dec-2023","EQ","1,014.95","1,029.00","1,010.10","1,007.35","1,027.00","1,026.75","1,019.90","1,029.00","686.60","17,99,498","1,83,53,03,185.45","1,00,036"
"26-Dec-2023","EQ","993.00","1,017.00","992.80","992.80","1,006.50","1,007.35","1,008.70","1,017.00","686.60","18,04,990","1,82,06,87,823.35","73,087"
"22-Dec-2023","EQ","986.00","998.30","979.65","979.30","989.85","992.80","991.21","1,010.00","686.60","14,91,449","1,47,83,40,078.85","68,028"
"21-Dec-2023","EQ","976.00","983.90","963.05","976.30","978.65","979.30","977.01","1,010.00","686.60","15,88,905","1,55,23,83,265.25","86,494"
"20-Dec-2023","EQ","975.00","1,010.00","966.15","966.15","976.05","976.30","989.81","1,010.00","686.60","44,65,789","4,42,02,62,189.95","1,49,138"
"19-Dec-2023","EQ","953.00","978.00","949.15","949.70","967.85","966.15","969.38","978.00","686.60","38,97,491","3,77,81,65,058.90","1,30,767"
"18-Dec-2023","EQ","956.00","958.20","945.30","954.70","947.00","949.70","952.34","963.00","686.60","9,99,922","95,22,68,930.15","42,970"
"15-Dec-2023","EQ","959.95","959.95","948.90","950.45","952.30","954.70","954.20","963.00","686.60","11,55,502","1,10,25,81,398.55","54,170"
"14-Dec-2023","EQ","960.80","960.80","944.10","957.30","953.50","950.45","950.95","963.00","686.60","19,80,762","1,88,36,02,150.50","79,217"
"13-Dec-2023","EQ","948.00","959.70","946.50","948.75","956.15","957.30","954.12","963.00","686.60","8,99,820","85,85,39,105.00","35,589"
"12-Dec-2023","EQ","953.05","961.95","943.60","950.45","949.65","948.75","952.95","963.00","686.60","7,32,063","69,76,19,681.25","41,454"
"11-Dec-2023","EQ","949.90","953.00","944.05","946.60","951.25","950.45","949.20","963.00","686.60","4,76,174","45,19,82,544.40","25,288"
"08-Dec-2023","EQ","960.00","961.85","943.80","956.90","946.50","946.60","950.64","963.00","686.60","6,49,090","61,70,51,675.65","47,533"
"07-Dec-2023","EQ","952.00","959.55","950.05","951.70","957.00","956.90","955.83","963.00","686.60","9,33,106","89,18,90,850.35","45,557"
"06-Dec-2023","EQ","954.00","963.00","948.90","950.05","951.70","951.70","954.70","963.00","686.60","9,82,484","93,79,81,330.55","40,877"
"05-Dec-2023","EQ","946.70","954.15","944.15","946.65","949.60","950.05","949.96","956.50","686.60","7,92,716","75,30,50,697.30","45,596"
"04-Dec-2023","EQ","954.00","956.50","941.95","942.85","945.50","946.65","947.77","956.50","686.60","11,12,904","1,05,47,72,322.30","66,590"
"01-Dec-2023","EQ","945.90","952.90","939.75","940.75","943.00","942.85","945.03","952.90","686.60","11,29,388","1,06,73,10,273.25","42,963"
"30-Nov-2023","EQ","932.00","948.20","932.00","933.55","938.60","940.75","940.05","948.20","686.60","29,82,505","2,80,37,09,450.75","85,175"
"29-Nov-2023","EQ","934.95","937.90","930.00","931.85","933.80","933.55","934.26","940.85","686.60","10,47,897","97,90,04,008.70","56,942"
"28-Nov-2023","EQ","925.00","934.95","924.75","926.90","932.00","931.85","930.40","940.85","686.60","9,04,835","84,18,57,815.70","52,755"
"24-Nov-2023","EQ","934.70","936.85","924.00","933.00","929.00","926.90","928.36","940.85","686.60","5,21,207","48,38,70,062.00","31,584"
"23-Nov-2023","EQ","929.15","937.70","927.00","928.25","934.70","933.00","931.59","940.85","686.60","9,07,511","84,54,30,378.65","50,572"
"22-Nov-2023","EQ","931.45","939.80","922.25","927.70","929.10","928.25","930.70","940.85","686.60","8,85,449","82,40,86,970.95","35,797"
"21-Nov-2023","EQ","906.00","931.50","906.00","930.85","928.30","927.70","927.11","940.85","686.60","8,04,344","74,57,18,365.35","38,984"
"20-Nov-2023","EQ","935.50","940.85","928.20","930.85","931.00","930.85","933.21","940.85","686.60","11,69,030","1,09,09,53,315.35","57,787"
"17-Nov-2023","EQ","922.00","934.00","921.00","920.05","934.00","930.85","929.17","934.00","686.60","9,61,365","89,32,73,824.55","47,244"
"16-Nov-2023","EQ","933.00","933.00","918.00","929.60","920.50","920.05","925.50","933.00","686.60","13,15,309","1,21,73,21,183.30","61,912"
"15-Nov-2023","EQ","921.40","932.00","916.35","916.55","929.00","929.60","924.90","932.00","686.60","15,64,164","1,44,66,98,495.10","67,693"
"13-Nov-2023","EQ","914.00","920.45","907.10","915.30","917.00","916.55","915.35","929.45","686.60","9,04,887","82,82,88,496.80","42,750"
"12-Nov-2023","EQ","922.00","922.00","914.00","912.70","914.00","915.30","917.51","929.45","686.60","1,57,797","14,47,79,842.10","8,162"
"10-Nov-2023","EQ","902.85","916.85","896.50","902.85","914.35","912.70","905.88","929.45","686.60","38,46,444","3,48,44,23,739.45","53,525"
"09-Nov-2023","EQ","916.30","918.95","898.35","916.30","902.95","902.85","903.18","929.45","686.60","31,94,352","2,88,50,69,811.20","58,849"
"08-Nov-2023","EQ","922.50","929.45","914.15","922.05","914.85","916.30","921.42","929.45","686.60","10,90,425","1,00,47,41,713.50","39,900"
"07-Nov-2023","EQ","920.00","923.70","913.00","918.65","923.50","922.05","919.58","928.00","686.60","8,19,721","75,37,99,048.25","52,127"
"06-Nov-2023","EQ","916.75","923.70","916.00","913.70","919.40","918.65","919.22","928.00","686.60","7,42,374","68,24,06,580.45","34,320"
"03-Nov-2023","EQ","912.00","919.30","911.25","911.25","913.00","913.70","915.48","928.00","686.60","9,01,911","82,56,83,324.65","43,360"
"02-Nov-2023","EQ","910.15","917.70","903.55","903.15","911.00","911.25","911.35","928.00","686.60","10,82,513","98,65,49,320.60","55,170"
"01-Nov-2023","EQ","906.00","920.00","895.70","900.50","904.75","903.15","909.76","928.00","686.60","26,78,745","2,43,70,22,939.30","82,998"
"31-Oct-2023","EQ","899.50","903.40","892.00","893.55","900.05","900.50","898.64","928.00","686.60","10,82,510","97,27,91,612.70","42,597"
"30-Oct-2023","EQ","886.00","896.00","880.20","891.10","892.85","893.55","890.14","928.00","686.60","11,47,541","1,02,14,73,467.00","58,630"
"27-Oct-2023","EQ","880.00","894.50","876.00","880.35","890.00","891.10","889.25","928.00","686.60","7,97,507","70,91,84,024.45","42,330"
"26-Oct-2023","EQ","883.25","886.95","872.00","890.00","878.00","880.35","880.14","928.00","686.60","19,66,650","1,73,09,28,634.55","86,324"
"25-Oct-2023","EQ","883.30","894.45","882.35","883.10","889.05","890.00","888.92","928.00","686.60","15,31,972","1,36,17,95,532.50","61,781"
"23-Oct-2023","EQ","898.75","906.05","880.25","898.95","881.80","883.10","892.78","928.00","686.60","9,73,113","86,87,76,344.30","49,066"
"20-Oct-2023","EQ","891.95","901.80","888.65","895.40","899.95","898.95","894.95","928.00","686.60","22,95,312","2,05,41,78,356.75","69,635"
"19-Oct-2023","EQ","896.00","900.40","879.05","895.70","895.00","895.40","890.24","928.00","686.60","14,30,475","1,27,34,59,505.75","79,724"
"18-Oct-2023","EQ","912.45","915.00","892.10","907.85","895.25","895.70","899.24","928.00","686.60","12,18,914","1,09,60,99,247.90","67,788"
"17-Oct-2023","EQ","912.05","928.00","905.15","908.60","907.00","907.85","919.34","928.00","686.60","32,28,492","2,96,80,94,086.35","79,088"
"16-Oct-2023","EQ","917.80","917.80","906.05","913.35","909.00","908.60","912.31","918.00","686.60","15,24,935","1,39,12,09,433.35","59,929"
"13-Oct-2023","EQ","890.25","918.00","888.85","892.35","911.50","913.35","909.59","918.00","686.60","51,20,134","4,65,72,24,576.80","1,41,364"
"12-Oct-2023","EQ","888.90","894.15","883.20","888.40","892.50","892.35","890.43","909.90","686.60","7,75,364","69,04,10,124.10","65,756"
"11-Oct-2023","EQ","895.00","897.20","886.20","888.75","887.00","888.40","892.67","909.90","686.60","10,62,565","94,85,17,416.50","36,559"
"10-Oct-2023","EQ","885.00","892.40","881.75","880.65","888.10","888.75","888.10","909.90","686.60","8,70,512","77,31,05,941.70","42,728"
"09-Oct-2023","EQ","868.00","883.85","866.80","874.75","879.65","880.65","877.70","909.90","686.60","12,00,788","1,05,39,28,844.20","40,324"
"06-Oct-2023","EQ","861.00","877.50","861.00","860.20","874.45","874.75","872.73","909.90","686.60","9,60,117","83,79,24,099.45","42,692"
"05-Oct-2023","EQ","866.05","869.25","857.50","864.75","861.70","860.20","861.69","909.90","686.60","7,49,977","64,62,44,712.95","50,800"
"04-Oct-2023","EQ","867.00","869.85","855.00","871.90","865.00","864.75","863.56","909.90","686.60","6,23,081","53,80,69,519.35","39,540"
"03-Oct-2023","EQ","870.00","879.55","864.10","876.90","873.85","871.90","871.55","909.90","686.60","11,83,376","1,03,13,74,310.90","46,356"
"29-Sep-2023","EQ","885.90","885.90","873.70","876.50","877.50","876.90","878.73","909.90","686.60","8,17,204","71,80,97,801.20","35,059"
"28-Sep-2023","EQ","894.80","896.00","870.10","888.85","880.00","876.50","880.81","909.90","686.60","18,01,983","1,58,72,07,333.00","55,298"
"27-Sep-2023","EQ","899.00","904.00","886.90","895.20","890.95","888.85","891.92","909.90","686.60","12,33,749","1,10,04,01,769.15","37,485"
"26-Sep-2023","EQ","907.60","909.90","891.50","900.60","893.00","895.20","901.55","909.90","686.60","20,64,298","1,86,10,59,864.00","62,927"
"25-Sep-2023","EQ","881.95","905.60","870.55","877.75","905.60","900.60","892.27","905.60","686.60","27,00,627","2,40,96,95,697.95","81,137"
"22-Sep-2023","EQ","871.00","889.85","870.05","871.00","877.00","877.75","879.44","897.70","686.60","15,18,828","1,33,57,23,670.50","51,025"
"21-Sep-2023","EQ","869.00","874.00","861.20","869.70","870.10","871.00","869.50","897.70","686.60","11,65,593","1,01,34,78,894.35","65,458"
"20-Sep-2023","EQ","880.80","880.90","865.00","880.95","868.50","869.70","870.63","897.70","686.60","9,24,868","80,52,21,565.05","36,785"
"18-Sep-2023","EQ","883.00","885.95","875.90","875.90","879.00","880.95","881.52","897.70","686.60","10,84,407","95,59,31,619.35","34,214"
"15-Sep-2023","EQ","887.55","889.75","873.50","884.55","876.45","875.90","877.34","897.70","686.60","11,04,866","96,93,48,131.95","42,144"
"14-Sep-2023","EQ","895.00","897.70","881.00","889.30","883.10","884.55","886.54","897.70","686.60","22,05,160","1,95,49,56,492.90","73,555"
"13-Sep-2023","EQ","862.00","891.25","860.15","864.75","890.00","889.30","879.65","891.25","686.60","28,12,359","2,47,38,89,866.00","69,388"
"12-Sep-2023","EQ","867.00","874.00","856.00","862.60","863.45","864.75","865.27","883.95","686.60","17,95,152","1,55,32,99,626.85","61,982"
"11-Sep-2023","EQ","855.50","864.95","854.75","853.10","863.00","862.60","860.96","883.95","686.60","10,39,583","89,50,37,072.70","46,295"
"08-Sep-2023","EQ","864.00","864.85","851.75","858.70","853.30","853.10","855.86","883.95","686.60","9,01,217","77,13,14,235.15","29,341"
"07-Sep-2023","EQ","865.70","866.95","854.00","878.90","858.95","858.70","858.74","883.95","686.60","34,58,930","2,97,03,27,828.30","76,712"
"06-Sep-2023","EQ","845.80","883.00","845.50","846.30","881.05","878.90","868.21","883.95","686.60","36,18,782","3,14,18,79,702.85","94,086"
"05-Sep-2023","EQ","847.00","852.40","843.05","846.05","847.00","846.30","847.59","883.95","686.60","7,45,626","63,19,83,010.10","29,982"
"04-Sep-2023","EQ","844.00","849.00","837.00","844.15","843.30","846.05","843.01","883.95","686.60","7,05,024","59,43,45,390.70","29,092"
"01-Sep-2023","EQ","833.00","847.40","833.00","834.35","843.35","844.15","842.70","883.95","686.60","6,61,741","55,76,49,158.85","36,286"
"31-Aug-2023","EQ","848.35","851.45","829.05","848.35","837.00","834.35","836.89","883.95","686.60","20,25,392","1,69,50,38,046.00","49,577"
"30-Aug-2023","EQ","841.00","849.30","838.70","838.25","848.00","848.35","846.21","883.95","686.60","6,04,884","51,18,56,983.30","24,450"
"29-Aug-2023","EQ","841.00","843.95","836.00","841.80","837.90","838.25","838.92","883.95","686.60","6,06,053","50,84,29,388.55","25,215"
"28-Aug-2023","EQ","832.50","842.95","828.25","832.55","840.00","841.80","837.08","883.95","686.60","6,49,996","54,40,99,213.45","36,459"
"25-Aug-2023","EQ","840.00","846.15","830.15","844.20","831.00","832.55","836.20","883.95","686.60","11,49,261","96,10,08,108.00","29,831"
"24-Aug-2023","EQ","845.00","854.80","842.10","844.55","845.00","844.20","847.26","883.95","686.60","14,82,572","1,25,61,26,302.25","33,702"
"23-Aug-2023","EQ","848.00","848.00","840.35","848.80","844.00","844.55","843.94","883.95","686.60","5,16,482","43,58,80,973.90","24,957"
"22-Aug-2023","EQ","847.00","851.55","844.00","848.50","846.50","848.80","849.15","883.95","686.60","7,82,931","66,48,22,092.40","34,701"
"21-Aug-2023","EQ","846.00","849.40","840.80","842.55","847.05","848.50","846.19","883.95","686.60","6,80,778","57,60,70,617.10","25,781"
"18-Aug-2023","EQ","845.00","848.95","835.50","844.25","843.40","842.55","843.26","883.95","686.60","11,45,798","96,62,01,450.75","38,556"
"17-Aug-2023","EQ","835.00","845.95","835.00","840.70","844.90","844.25","841.71","883.95","686.60","11,05,325","93,03,64,637.35","51,743"
"16-Aug-2023","EQ","840.90","843.45","836.80","844.70","838.00","840.70","840.15","883.95","686.60","3,60,863","30,31,78,743.30","14,680"
"14-Aug-2023","EQ","838.85","845.90","829.65","836.90","845.00","844.70","840.85","883.95","686.60","7,54,694","63,45,80,827.45","32,827"
"11-Aug-2023","EQ","849.70","853.85","835.00","850.55","835.80","836.90","840.05","883.95","686.60","9,09,080","76,36,74,939.80","31,864"
"10-Aug-2023","EQ","861.15","863.20","848.00","860.20","850.70","850.55","852.62","883.95","686.60","9,41,390","80,26,47,774.20","34,575"
"09-Aug-2023","EQ","851.00","862.45","847.65","847.45","860.85","860.20","854.13","883.95","686.60","17,04,615","1,45,59,68,178.85","38,792"
"08-Aug-2023","EQ","839.00","853.10","833.75","837.80","846.00","847.45","842.80","883.95","686.60","12,52,297","1,05,54,37,231.25","40,626"
"07-Aug-2023","EQ","836.95","840.65","829.50","834.80","835.30","837.80","835.85","883.95","686.60","11,06,208","92,46,27,826.90","39,736"
"04-Aug-2023","EQ","837.05","841.60","832.30","835.40","834.00","834.80","835.09","883.95","686.60","8,87,582","74,12,08,315.20","30,907"
"03-Aug-2023","EQ","840.00","841.65","832.55","843.05","834.90","835.40","837.71","883.95","686.60","13,75,222","1,15,20,37,475.05","44,649"
"02-Aug-2023","EQ","855.00","855.00","838.20","856.75","840.80","843.05","842.78","883.95","686.60","16,04,731","1,35,24,39,859.50","48,837"
"01-Aug-2023","EQ","861.90","863.30","853.10","859.30","857.00","856.75","857.53","883.95","686.60","9,87,812","84,70,80,219.65","44,159"
"31-Jul-2023","EQ","859.35","860.85","852.50","859.35","859.00","859.30","858.27","883.95","686.60","14,54,789","1,24,85,98,781.35","45,453"
"28-Jul-2023","EQ","854.25","860.40","842.00","850.05","859.40","859.35","856.61","883.95","686.60","23,65,708","2,02,64,96,234.90","44,613"
"27-Jul-2023","EQ","875.95","880.00","847.70","873.90","850.20","850.05","856.80","883.95","686.60","32,03,072","2,74,43,95,602.35","80,739"
"26-Jul-2023","EQ","873.95","883.95","869.55","868.55","870.10","873.90","876.30","883.95","686.60","19,40,116","1,70,01,19,245.05","78,581"
"25-Jul-2023","EQ","863.10","869.50","856.00","863.10","869.00","868.55","864.06","877.20","686.60","8,73,678","75,49,05,964.35","36,427"
"24-Jul-2023","EQ","854.00","867.00","848.90","852.35","860.20","863.10","860.58","877.20","686.60","11,49,904","98,95,84,683.50","32,777"
"21-Jul-2023","EQ","873.70","876.40","849.60","873.10","852.90","852.35","861.91","877.20","686.60","12,30,534","1,06,06,05,008.10","46,009"
"20-Jul-2023","EQ","860.00","875.00","854.55","860.45","875.00","873.10","867.29","877.20","686.60","13,81,298","1,19,79,89,324.25","64,984"
"19-Jul-2023","EQ","864.95","864.95","854.40","858.70","859.00","860.45","859.90","877.20","686.60","9,52,601","81,91,43,264.95","36,896"
"18-Jul-2023","EQ","854.20","863.00","848.45","852.60","859.00","858.70","855.77","877.20","686.60","14,12,514","1,20,87,81,305.95","41,562"
"17-Jul-2023","EQ","855.10","860.70","849.35","851.50","851.00","852.60","853.68","877.20","686.60","12,00,820","1,02,51,19,845.80","42,060"
"14-Jul-2023","EQ","838.95","852.75","833.60","837.35","852.00","851.50","845.61","877.20","686.60","17,05,168","1,44,19,04,555.10","42,160"
"13-Jul-2023","EQ","847.00","849.00","835.20","843.25","837.00","837.35","842.65","877.20","686.60","9,85,928","83,07,96,132.10","33,034"
"12-Jul-2023","EQ","844.95","847.80","838.80","840.30","842.90","843.25","844.08","877.20","686.60","14,35,731","1,21,18,65,447.30","46,405"
"11-Jul-2023","EQ","826.00","843.00","825.75","825.65","842.50","840.30","834.86","877.20","686.60","21,67,322","1,80,94,08,297.25","47,927"
"10-Jul-2023","EQ","841.50","841.50","822.00","833.25","827.00","825.65","827.56","877.20","686.60","11,77,214","97,42,11,436.75","30,515"
"07-Jul-2023","EQ","845.05","852.50","831.80","845.05","834.00","833.25","842.86","877.20","686.60","18,11,594","1,52,69,22,792.55","59,191"
"06-Jul-2023","EQ","845.90","847.55","841.40","845.90","845.25","845.05","844.91","877.20","686.60","23,63,769","1,99,71,83,741.90","54,797"
"05-Jul-2023","EQ","859.00","861.25","841.15","855.55","846.45","845.90","847.13","877.20","686.60","25,37,154","2,14,92,94,330.85","50,953"
"04-Jul-2023","EQ","858.65","861.70","852.20","858.85","855.90","855.55","856.17","877.20","686.60","7,59,030","64,98,59,830.35","37,448"
"03-Jul-2023","EQ","866.95","866.95","856.45","860.90","858.95","858.85","859.75","877.20","686.60","12,26,135","1,05,41,68,873.90","45,466"
"30-Jun-2023","EQ","850.05","863.55","850.05","854.95","860.20","860.90","858.10","877.20","686.60","13,94,632","1,19,67,35,464.35","51,478"
"28-Jun-2023","EQ","854.50","860.00","851.00","854.20","857.00","854.95","856.23","877.20","686.60","9,14,411","78,29,42,220.00","35,499"
"27-Jun-2023","EQ","863.95","868.10","852.60","862.55","853.90","854.20","858.59","877.20","686.60","11,31,450","97,14,46,318.80","34,607"
"26-Jun-2023","EQ","854.00","866.00","847.85","840.85","861.90","862.55","860.23","877.20","686.60","30,22,935","2,60,04,19,938.50","71,480"
"23-Jun-2023","EQ","842.00","846.20","831.65","841.90","842.70","840.85","840.92","877.20","686.60","8,06,171","67,79,27,700.00","32,388"
"22-Jun-2023","EQ","862.00","862.00","840.60","860.15","842.00","841.90","847.55","877.20","686.60","9,88,651","83,79,27,616.65","44,670"
"21-Jun-2023","EQ","859.00","877.20","853.05","858.90","858.95","860.15","864.57","877.20","686.60","14,39,299","1,24,43,80,041.75","50,208"
"20-Jun-2023","EQ","857.00","867.00","847.30","857.00","859.60","858.90","855.82","872.40","686.60","11,78,858","1,00,88,89,502.55","39,200"
"19-Jun-2023","EQ","866.45","870.00","854.85","862.75","856.50","857.00","861.56","872.40","686.60","13,08,412","1,12,72,70,305.20","41,264"
"16-Jun-2023","EQ","868.00","870.45","852.05","865.00","863.00","862.75","862.10","872.40","686.60","17,54,715","1,51,27,31,377.25","49,430"
"15-Jun-2023","EQ","864.00","872.40","856.00","862.50","863.05","865.00","864.61","872.40","686.60","31,06,263","2,68,56,90,772.95","75,850"
"14-Jun-2023","EQ","822.80","865.00","816.00","819.90","862.25","862.50","854.38","865.00","686.60","76,52,583","6,53,81,78,724.55","1,99,993"
"13-Jun-2023","EQ","802.35","821.10","802.35","800.75","819.50","819.90","814.45","861.15","686.60","26,97,513","2,19,69,94,741.75","43,397"
"12-Jun-2023","EQ","802.95","807.85","799.35","801.00","801.85","800.75","801.70","861.15","686.60","31,68,760","2,54,03,96,060.10","33,080"
"09-Jun-2023","EQ","810.70","811.85","799.00","807.10","801.00","801.00","805.11","861.15","686.60","8,35,145","67,23,86,392.30","31,093"
"08-Jun-2023","EQ","824.80","824.80","805.20","823.10","806.05","807.10","814.49","861.15","686.60","11,17,198","90,99,46,488.55","43,994"
"07-Jun-2023","EQ","794.00","824.00","791.50","792.10","822.90","823.10","814.78","861.15","686.60","39,71,089","3,23,55,44,880.35","1,01,728"
"06-Jun-2023","EQ","792.95","795.95","784.45","792.45","792.50","792.10","790.05","861.15","686.60","7,44,002","58,78,01,631.05","43,099"
"05-Jun-2023","EQ","796.95","800.45","790.60","796.05","792.00","792.45","795.15","861.15","686.60","7,74,985","61,62,32,218.60","33,825"
"02-Jun-2023","EQ","795.50","799.85","793.00","793.65","795.00","796.05","796.57","861.15","686.60","6,97,200","55,53,72,028.65","35,520"
"01-Jun-2023","EQ","798.90","801.45","789.35","798.65","792.00","793.65","797.50","861.15","686.60","7,03,293","56,08,79,301.45","32,810"
"31-May-2023","EQ","787.05","800.00","787.05","790.90","795.95","798.65","797.60","861.15","686.60","22,01,928","1,75,62,51,014.20","39,757"
"30-May-2023","EQ","792.55","797.00","788.25","794.25","789.65","790.90","791.66","861.15","686.60","6,01,270","47,60,02,604.85","27,891"
"29-May-2023","EQ","791.00","797.00","790.25","789.70","792.75","794.25","793.64","861.15","686.60","11,71,159","92,94,72,795.90","35,182"
"26-May-2023","EQ","784.00","791.00","781.15","780.30","790.95","789.70","788.11","861.15","686.60","9,61,268","75,75,83,631.20","36,063"
"25-May-2023","EQ","765.05","782.45","765.05","771.15","780.95","780.30","777.91","861.15","686.60","9,80,266","76,25,62,342.35","40,587"
"24-May-2023","EQ","767.40","774.60","765.55","770.05","771.00","771.15","770.75","861.15","686.60","8,61,728","66,41,79,457.20","27,294"
"23-May-2023","EQ","766.05","771.55","762.05","766.10","770.00","770.05","768.44","861.15","686.60","8,26,476","63,50,96,694.90","25,321"
"22-May-2023","EQ","765.45","768.00","760.20","765.45","767.10","766.10","764.75","861.15","686.60","5,48,104","41,91,63,034.95","22,466"
"19-May-2023","EQ","771.90","771.90","756.45","776.30","765.75","765.45","762.90","861.15","686.60","12,33,831","94,12,93,601.00","33,389"
"18-May-2023","EQ","783.40","786.00","775.00","778.25","776.45","776.30","780.23","861.15","686.60","10,04,449","78,37,02,172.75","23,367"
"17-May-2023","EQ","786.25","786.60","772.85","786.25","779.65","778.25","777.85","861.15","686.60","9,07,649","70,60,18,968.10","29,646"
"16-May-2023","EQ","787.50","789.70","784.80","786.95","787.00","786.25","786.93","861.15","686.60","6,58,173","51,79,37,972.90","26,934"
"15-May-2023","EQ","789.00","791.40","784.20","789.05","787.00","786.95","787.96","861.15","686.60","8,03,643","63,32,40,876.05","30,489"
"12-May-2023","EQ","788.00","795.25","784.80","789.45","787.80","789.05","789.31","861.15","686.60","7,47,655","59,01,34,983.45","24,387"
"11-May-2023","EQ","791.15","791.50","786.00","791.15","787.50","789.45","788.44","861.15","686.60","9,68,940","76,39,52,185.10","39,535"
"10-May-2023","EQ","789.00","792.00","784.80","789.00","791.00","791.15","789.28","861.15","686.60","4,76,497","37,60,90,723.60","21,571"
"09-May-2023","EQ","789.65","792.20","785.00","788.90","787.30","789.00","788.89","861.15","686.60","6,52,399","51,46,72,394.45","31,413"
"08-May-2023","EQ","776.80","789.80","776.40","776.25","786.35","788.90","785.76","861.15","686.60","10,48,005","82,34,84,843.10","37,560"
"05-May-2023","EQ","777.90","782.20","775.00","775.50","777.00","776.25","777.69","861.15","686.60","6,17,459","48,01,89,849.05","22,878"
"04-May-2023","EQ","773.00","782.65","768.90","781.40","776.00","775.50","775.25","861.15","686.60","10,01,352","77,63,01,948.80","33,048"
"03-May-2023","EQ","777.90","786.85","774.70","779.60","780.00","781.40","781.22","861.15","686.60","11,89,150","92,89,85,579.45","36,366"
"02-May-2023","EQ","767.95","783.05","764.95","763.85","778.00","779.60","774.77","861.15","686.60","14,38,425","1,11,44,44,505.55","58,435"
"28-Apr-2023","EQ","758.00","765.00","751.50","754.00","761.90","763.85","760.21","861.15","686.60","12,61,145","95,87,36,414.60","48,155"
"27-Apr-2023","EQ","743.00","755.25","742.15","746.70","754.90","754.00","750.83","861.15","686.60","16,64,942","1,25,00,96,406.60","68,296"
"26-Apr-2023","EQ","733.95","749.00","724.00","734.45","745.55","746.70","737.11","861.15","686.60","37,25,680","2,74,62,40,708.85","97,239"
"25-Apr-2023","EQ","736.00","738.00","728.35","732.55","734.95","734.45","733.08","861.15","686.60","17,83,879","1,30,77,33,419.45","44,960"
"24-Apr-2023","EQ","706.00","735.00","706.00","700.40","734.50","732.55","725.14","861.15","686.60","60,09,290","4,35,75,89,617.25","89,170"
"21-Apr-2023","EQ","703.40","705.00","697.00","703.40","700.90","700.40","699.91","861.15","686.60","9,66,029","67,61,35,184.10","34,792"
"20-Apr-2023","EQ","699.00","704.40","696.45","700.85","703.00","703.40","700.51","861.15","686.60","12,63,116","88,48,28,930.70","57,731"
"19-Apr-2023","EQ","708.00","708.90","698.25","707.05","701.00","700.85","700.86","861.15","686.60","12,35,220","86,57,19,112.50","37,187"
"18-Apr-2023","EQ","716.20","719.90","706.70","713.20","707.45","707.05","710.59","861.15","686.60","13,23,608","94,05,48,128.85","44,731"
"17-Apr-2023","EQ","717.00","719.25","711.50","719.60","713.60","713.20","714.32","861.15","686.60","11,80,651","84,33,64,866.90","29,572"
"13-Apr-2023","EQ","722.00","723.70","717.65","718.40","718.00","719.60","720.31","861.15","686.60","5,02,380","36,18,69,878.90","28,932"
"12-Apr-2023","EQ","720.90","723.60","716.35","717.30","719.15","718.40","718.89","861.15","686.60","7,02,063","50,47,03,087.75","27,052"
"11-Apr-2023","EQ","725.95","725.95","715.70","720.65","718.00","717.30","718.53","861.15","686.60","7,76,167","55,76,97,671.75","33,547"
"10-Apr-2023","EQ","727.00","730.65","720.00","730.50","721.80","720.65","722.70","861.15","686.60","9,16,628","66,24,45,680.05","25,035"
"06-Apr-2023","EQ","727.30","731.45","722.50","727.40","730.00","730.50","728.22","861.15","686.60","7,38,748","53,79,71,640.80","27,344"
"05-Apr-2023","EQ","717.00","728.40","715.00","717.05","727.65","727.40","723.95","861.15","686.60","9,47,741","68,61,16,972.00","31,510"
"03-Apr-2023","EQ","710.00","718.50","709.30","708.85","716.95","717.05","714.89","861.15","686.60","7,97,533","57,01,50,795.15","28,954"
"31-Mar-2023","EQ","700.15","711.00","698.55","697.55","711.00","708.85","707.58","861.15","686.60","9,72,962","68,84,44,255.20","25,636"
"29-Mar-2023","EQ","696.05","703.00","694.80","696.05","698.00","697.55","698.82","861.15","686.60","11,60,832","81,12,09,026.45","45,247"
"28-Mar-2023","EQ","690.00","699.65","690.00","699.35","696.00","696.05","696.35","861.15","686.60","11,13,702","77,55,27,738.05","31,594"
"27-Mar-2023","EQ","706.90","707.40","697.20","702.35","697.45","699.35","705.43","861.15","686.60","36,95,292","2,60,67,76,976.20","32,804"
"24-Mar-2023","EQ","707.00","709.70","698.85","707.15","701.10","702.35","703.36","861.15","686.60","9,60,470","67,55,56,293.65","30,789"
"23-Mar-2023","EQ","711.55","713.95","705.80","710.90","706.50","707.15","709.67","861.15","686.60","5,87,643","41,70,31,540.85","27,442"
"22-Mar-2023","EQ","701.00","716.20","701.00","700.90","711.55","710.90","711.09","861.15","686.60","7,76,214","55,19,60,843.85","25,992"
"21-Mar-2023","EQ","704.10","706.00","700.00","702.60","701.00","700.90","702.70","861.15","686.60","7,21,243","50,68,18,051.15","29,285"